Goal,Target,Indicator,SeriesCode,SeriesDescription,GeoAreaCode,GeoAreaName,Age,Freq,Location,Reporting Type,Sex,Units,2000,2001,2002,2003,2004,2005,2006,2007,2008,2009,2010,2011,2012,2013,2014,2015,2016,2017,2018,2019,2020
3,3.1,3.1.1,SH_STA_MORT,Maternal mortality ratio,4,Afghanistan,,,,G,FEMALE,PER_100000_LIVE_BIRTHS,1346.1441,1273.43134,1277.30797,1196.09069,1114.88723,1102.80976,1044.40033,1023.49547,962.32152,913.03576,898.66925,883.71393,833.47718,820.68535,785.35402,775.69274,749.8157,681.80756,663.4275,644.27255,620.40751
3,3.1,3.1.1,SH_STA_MORT,Maternal mortality ratio,8,Albania,,,,G,FEMALE,PER_100000_LIVE_BIRTHS,14.32641,12.52553,12.40726,12.11916,10.6316,10.8305,10.76677,10.19582,9.7394,9.09726,8.51668,8.04523,7.7967,7.21536,7.00986,6.87828,6.65608,6.6897,5.42929,5.30502,8.27645
3,3.1,3.1.1,SH_STA_MORT,Maternal mortality ratio,12,Algeria,,,,G,FEMALE,PER_100000_LIVE_BIRTHS,159.17568,155.60766,150.39429,153.00684,136.83983,143.5237,134.48117,125.07095,116.51809,114.55362,111.74292,105.46329,99.07579,94.34408,86.15146,89.13265,88.99771,89.14354,79.49121,76.71434,77.69479
3,3.1,3.1.1,SH_STA_MORT,Maternal mortality ratio,24,Angola,,,,G,FEMALE,PER_100000_LIVE_BIRTHS,859.92091,799.64079,758.27183,676.49647,594.19216,549.83896,507.72154,462.97103,438.34228,398.88055,367.26485,334.7313,304.04042,291.41399,291.74735,273.5965,269.82359,252.80485,233.09626,227.68696,221.90649
3,3.1,3.1.1,SH_STA_MORT,Maternal mortality ratio,28,Antigua and Barbuda,,,,G,FEMALE,PER_100000_LIVE_BIRTHS,51.29847,47.16184,41.30084,44.10374,43.3603,34.02187,34.88743,33.71821,39.2945,36.80908,30.78419,31.25012,30.21356,28.80692,22.70267,27.16638,21.25147,21.12252,18.86736,18.9132,21.24795
3,3.1,3.1.1,SH_STA_MORT,Maternal mortality ratio,32,Argentina,,,,G,FEMALE,PER_100000_LIVE_BIRTHS,71.50375,72.13986,70.94544,78.64037,73.30911,62.69842,61.4496,62.55591,59.45658,56.54385,55.10322,50.25195,45.02484,43.34667,41.76457,39.33507,40.25944,38.24381,33.94483,32.60261,44.90008
3,3.1,3.1.1,SH_STA_MORT,Maternal mortality ratio,51,Armenia,,,,G,FEMALE,PER_100000_LIVE_BIRTHS,50.16581,49.56898,48.04569,42.61444,41.58858,37.78068,39.92467,35.86708,33.53167,33.39944,33.2177,31.45806,29.12987,27.19941,27.82422,25.10203,23.8734,25.00067,25.1014,24.938,27.18972
3,3.1,3.1.1,SH_STA_MORT,Maternal mortality ratio,36,Australia,,,,G,FEMALE,PER_100000_LIVE_BIRTHS,6.69383,5.97206,5.56837,5.51475,5.11737,4.59569,4.56596,5.1069,4.88985,5.38075,5.45191,5.93745,5.85933,5.99352,5.3902,5.24403,5.17583,4.77144,4.42425,5.08551,2.94151
3,3.1,3.1.1,SH_STA_MORT,Maternal mortality ratio,40,Austria,,,,G,FEMALE,PER_100000_LIVE_BIRTHS,6.36031,6.24352,6.05769,6.2012,5.48865,5.85059,5.54511,5.75491,5.52626,5.97988,5.95376,6.04204,5.74165,5.73881,5.91521,5.67145,5.33615,5.14461,5.82625,5.4957,5.22839
3,3.1,3.1.1,SH_STA_MORT,Maternal mortality ratio,31,Azerbaijan,,,,G,FEMALE,PER_100000_LIVE_BIRTHS,55.52084,55.15855,54.01204,50.9451,46.81153,43.89283,38.76129,34.40982,32.7928,33.32893,32.81004,30.73949,29.37341,28.39893,28.97291,29.37786,26.01814,26.89301,27.59978,26.86957,40.76367
3,3.1,3.1.1,SH_STA_MORT,Maternal mortality ratio,44,Bahamas,,,,G,FEMALE,PER_100000_LIVE_BIRTHS,60.84164,63.12532,65.82288,68.61497,72.48042,73.90935,79.1916,85.85336,86.19027,89.04466,78.88068,100.57736,101.34579,82.22507,96.98446,84.44531,79.30498,77.33281,77.08031,82.02699,77.05063
3,3.1,3.1.1,SH_STA_MORT,Maternal mortality ratio,48,Bahrain,,,,G,FEMALE,PER_100000_LIVE_BIRTHS,24.32399,22.77712,25.28494,25.10136,21.7697,21.16522,20.95311,17.60861,18.25173,18.08349,19.82068,19.37471,18.15974,16.15886,15.16835,15.74704,15.07161,15.38812,13.74495,14.50396,15.89788
3,3.1,3.1.1,SH_STA_MORT,Maternal mortality ratio,50,Bangladesh,,,,G,FEMALE,PER_100000_LIVE_BIRTHS,441.18397,436.92265,413.68114,403.53749,371.69461,375.86404,352.53011,376.9746,367.95357,337.88372,300.81276,301.2922,236.69737,218.67691,219.02825,211.62269,196.14535,183.39702,172.13547,157.16106,123.02825
3,3.1,3.1.1,SH_STA_MORT,Maternal mortality ratio,52,Barbados,,,,G,FEMALE,PER_100000_LIVE_BIRTHS,48.44007,48.56845,46.78249,45.083,42.72807,42.6275,42.11512,39.77807,54.1356,52.59874,53.28667,52.58768,52.17426,50.57476,49.38357,48.7575,47.86213,47.35328,47.09738,46.62337,39.10801
3,3.1,3.1.1,SH_STA_MORT,Maternal mortality ratio,112,Belarus,,,,G,FEMALE,PER_100000_LIVE_BIRTHS,24.31824,22.95516,16.61815,13.53789,10.79673,10.76858,8.06859,5.75148,4.31594,3.23744,2.71034,2.55241,1.95914,1.67166,1.45479,1.31394,1.23891,1.31347,1.11169,1.08201,1.10192
3,3.1,3.1.1,SH_STA_MORT,Maternal mortality ratio,56,Belgium,,,,G,FEMALE,PER_100000_LIVE_BIRTHS,8.26524,8.01277,7.83245,7.40416,6.93755,6.75314,6.41128,6.69274,6.18618,6.11914,5.92548,5.79497,5.25988,5.54709,5.25817,5.20293,4.93458,4.91231,4.90796,4.60334,4.75586
3,3.1,3.1.1,SH_STA_MORT,Maternal mortality ratio,84,Belize,,,,G,FEMALE,PER_100000_LIVE_BIRTHS,85.88872,86.05526,76.06177,77.62387,79.54213,71.88607,64.39338,56.31036,45.58099,39.10902,32.69341,33.42876,28.15785,31.51184,38.45723,49.24151,59.333,71.97347,78.44683,86.01262,129.78827
3,3.1,3.1.1,SH_STA_MORT,Maternal mortality ratio,204,Benin,,,,G,FEMALE,PER_100000_LIVE_BIRTHS,469.30762,483.21681,505.33973,504.64987,519.95174,509.18937,502.90343,488.26194,504.05385,583.72013,598.16578,615.47168,624.82588,607.92378,611.55164,590.86295,590.20829,569.13591,542.46051,521.86673,522.60474
3,3.1,3.1.1,SH_STA_MORT,Maternal mortality ratio,64,Bhutan,,,,G,FEMALE,PER_100000_LIVE_BIRTHS,304.68151,257.04143,255.70934,222.10491,196.5206,185.80011,183.099,153.12663,140.67139,129.43666,116.56594,94.31241,91.54671,84.17813,78.32205,73.66837,66.35082,68.39584,57.31804,61.60915,59.94776
3,3.1,3.1.1,SH_STA_MORT,Maternal mortality ratio,68,Bolivia (Plurinational State of),,,,G,FEMALE,PER_100000_LIVE_BIRTHS,284.00858,261.21929,253.08755,251.1296,235.55935,230.08482,218.42091,219.69738,210.80016,186.80927,184.08718,178.09174,178.80796,174.57707,163.33307,164.83746,160.83799,164.05679,171.43248,175.75274,160.9074
3,3.1,3.1.1,SH_STA_MORT,Maternal mortality ratio,70,Bosnia and Herzegovina,,,,G,FEMALE,PER_100000_LIVE_BIRTHS,15.60343,14.28981,15.04486,12.24222,11.33485,11.46767,10.0616,9.15078,8.20636,7.5434,7.69039,7.81489,6.90286,7.55633,8.30099,7.40172,6.42765,5.93275,5.54747,5.3941,5.6684
3,3.1,3.1.1,SH_STA_MORT,Maternal mortality ratio,72,Botswana,,,,G,FEMALE,PER_100000_LIVE_BIRTHS,181.55973,183.86374,174.19739,184.49465,196.19945,201.4597,213.01696,215.56041,221.78495,185.27197,155.89905,225.78584,260.27057,141.97632,178.56327,183.87118,134.23304,107.63007,162.26725,117.87685,185.89684
3,3.1,3.1.1,SH_STA_MORT,Maternal mortality ratio,76,Brazil,,,,G,FEMALE,PER_100000_LIVE_BIRTHS,68.40032,67.92029,72.37672,68.84275,69.77313,69.96844,71.32388,72.0248,70.48884,67.93384,63.85529,61.941,56.87746,60.86941,62.2825,62.17604,62.71436,59.70362,59.1834,60.73517,72.14754
3,3.1,3.1.1,SH_STA_MORT,Maternal mortality ratio,96,Brunei Darussalam,,,,G,FEMALE,PER_100000_LIVE_BIRTHS,49.54607,50.40719,51.25621,46.10778,46.14496,45.98728,46.3565,47.83616,48.44582,41.97332,41.82923,42.34695,42.67065,43.42104,43.86258,44.79335,44.9373,45.47455,44.92879,44.99773,44.23606
3,3.1,3.1.1,SH_STA_MORT,Maternal mortality ratio,100,Bulgaria,,,,G,FEMALE,PER_100000_LIVE_BIRTHS,21.93408,20.9894,18.54923,16.70329,15.12295,13.71778,11.82236,10.38471,9.1395,9.93656,10.29714,8.24212,7.54877,7.40413,7.45836,7.5018,7.15806,7.0296,7.16773,6.72991,7.08603
3,3.1,3.1.1,SH_STA_MORT,Maternal mortality ratio,854,Burkina Faso,,,,G,FEMALE,PER_100000_LIVE_BIRTHS,505.58867,499.6108,496.95749,456.52688,438.34771,416.89036,405.90953,400.31423,374.50671,368.40329,357.41722,340.40615,320.79482,324.35689,313.40482,294.78294,293.01303,283.11545,276.62409,283.25668,263.7554
3,3.1,3.1.1,SH_STA_MORT,Maternal mortality ratio,108,Burundi,,,,G,FEMALE,PER_100000_LIVE_BIRTHS,873.64978,823.02073,779.44313,779.01451,739.56276,712.76769,695.55158,676.16187,630.01971,618.33147,608.00801,575.35079,563.85577,554.72801,526.5016,514.03066,508.45519,499.13334,517.90526,479.29015,494.42978
3,3.1,3.1.1,SH_STA_MORT,Maternal mortality ratio,132,Cabo Verde,,,,G,FEMALE,PER_100000_LIVE_BIRTHS,125.14381,103.41774,95.81947,81.81393,73.65291,76.8877,72.59939,66.06847,69.26035,57.76791,53.91866,49.63626,53.6497,42.45763,42.42374,46.50067,42.1516,39.62307,48.02332,42.0967,42.24144
3,3.1,3.1.1,SH_STA_MORT,Maternal mortality ratio,116,Cambodia,,,,G,FEMALE,PER_100000_LIVE_BIRTHS,605.58753,573.95974,496.61996,463.56888,446.72474,381.77871,349.59471,327.08913,308.59886,276.63962,276.40026,251.58864,246.36261,229.12243,227.59547,209.1699,197.01701,203.75095,209.22378,214.18641,217.98315
3,3.1,3.1.1,SH_STA_MORT,Maternal mortality ratio,120,Cameroon,,,,G,FEMALE,PER_100000_LIVE_BIRTHS,650.73037,629.25033,610.57124,574.42065,555.62467,572.94485,558.27314,528.86177,531.90301,533.66404,526.74798,518.67674,487.09542,490.70608,477.51142,446.84616,437.25174,442.97351,423.89329,439.76751,437.75285
3,3.1,3.1.1,SH_STA_MORT,Maternal mortality ratio,124,Canada,,,,G,FEMALE,PER_100000_LIVE_BIRTHS,9.30375,9.82189,10.37895,10.59334,10.65891,11.33054,10.9705,10.55652,12.77333,12.61252,11.94033,11.86201,11.82737,11.47995,11.68249,11.66109,12.52376,12.57896,11.00097,11.15627,11.01287
3,3.1,3.1.1,SH_STA_MORT,Maternal mortality ratio,140,Central African Republic,,,,G,FEMALE,PER_100000_LIVE_BIRTHS,1315.16984,1283.69664,1280.83658,1248.03438,1217.48678,1158.00143,1116.40169,1124.35547,1108.38818,1104.81976,1051.56678,1028.99902,963.22043,963.3086,939.25426,909.19323,877.40733,904.22811,867.63413,847.28541,835.26601
3,3.1,3.1.1,SH_STA_MORT,Maternal mortality ratio,148,Chad,,,,G,FEMALE,PER_100000_LIVE_BIRTHS,1365.50682,1343.01153,1290.77829,1255.22991,1228.71149,1241.20629,1254.61553,1264.24839,1244.91417,1311.30614,1303.28008,1284.3055,1236.75154,1217.45068,1142.05348,1125.37242,1145.35893,1094.52764,1076.16398,1047.29688,1063.49329
3,3.1,3.1.1,SH_STA_MORT,Maternal mortality ratio,152,Chile,,,,G,FEMALE,PER_100000_LIVE_BIRTHS,32.55022,34.01686,31.56189,32.20279,28.76468,27.26825,29.10072,28.48279,25.63771,24.11786,23.36026,20.15415,18.9734,17.98455,16.09087,16.2128,15.01822,14.73754,15.13551,14.60006,15.03074
3,3.1,3.1.1,SH_STA_MORT,Maternal mortality ratio,156,China,,,,G,FEMALE,PER_100000_LIVE_BIRTHS,58.06377,55.31018,53.82001,43.34771,48.77667,45.59248,42.55417,39.31897,38.17672,34.05085,33.22315,32.18183,28.44408,28.29749,25.82247,25.98126,23.3129,21.87205,20.35598,20.3975,23.04763
3,3.1,3.1.1,SH_STA_MORT,Maternal mortality ratio,170,Colombia,,,,G,FEMALE,PER_100000_LIVE_BIRTHS,92.63503,94.13931,93.12215,82.65058,82.35472,81.78541,81.71697,83.07628,72.89445,71.33593,70.56836,70.60106,70.59163,70.30792,69.87793,70.00599,70.08121,71.44645,63.14635,65.44107,74.7629
3,3.1,3.1.1,SH_STA_MORT,Maternal mortality ratio,174,Comoros,,,,G,FEMALE,PER_100000_LIVE_BIRTHS,455.69693,434.82113,392.2345,385.2364,374.41507,360.46148,364.85255,358.48359,360.85235,311.10476,316.17192,292.61009,296.96368,284.52306,291.84939,260.75192,255.12814,240.58492,243.56516,236.59631,216.95373
3,3.1,3.1.1,SH_STA_MORT,Maternal mortality ratio,178,Congo,,,,G,FEMALE,PER_100000_LIVE_BIRTHS,659.78667,641.40699,619.56424,587.13151,541.07265,487.7581,479.12256,439.35423,414.86237,414.94152,389.0641,387.19913,402.49246,361.82641,375.30715,360.43546,352.6002,365.77114,370.06052,292.12093,282.38575
3,3.1,3.1.1,SH_STA_MORT,Maternal mortality ratio,188,Costa Rica,,,,G,FEMALE,PER_100000_LIVE_BIRTHS,38.50786,37.11868,36.4686,36.9265,31.82975,30.53662,29.45057,28.28028,27.12361,26.32806,26.57482,24.25176,24.15619,23.30556,24.23578,19.693,18.57412,18.71925,17.98992,18.69613,22.00381
3,3.1,3.1.1,SH_STA_MORT,Maternal mortality ratio,384,Côte d'Ivoire,,,,G,FEMALE,PER_100000_LIVE_BIRTHS,473.46719,495.45026,519.81731,539.48629,536.08183,540.25462,582.76113,589.38139,588.70451,619.39202,604.14592,590.94018,597.26382,578.74353,550.28648,529.76484,537.36932,512.42022,522.26569,482.86071,479.90675
3,3.1,3.1.1,SH_STA_MORT,Maternal mortality ratio,191,Croatia,,,,G,FEMALE,PER_100000_LIVE_BIRTHS,10.90609,10.53485,10.83446,10.85276,9.72103,9.22811,8.75829,8.66689,7.98099,9.00552,7.23662,7.0512,6.42449,6.08767,5.89039,6.14627,5.34301,5.35671,4.89074,4.53287,4.81682
3,3.1,3.1.1,SH_STA_MORT,Maternal mortality ratio,192,Cuba,,,,G,FEMALE,PER_100000_LIVE_BIRTHS,47.01,46.54925,45.38586,38.63237,41.21648,43.46832,45.90242,45.15532,42.10917,40.29701,41.05777,39.58645,41.14646,40.80733,40.83738,39.16936,40.72115,40.16145,38.6073,40.29785,39.25455
3,3.1,3.1.1,SH_STA_MORT,Maternal mortality ratio,196,Cyprus,,,,G,FEMALE,PER_100000_LIVE_BIRTHS,33.16145,32.51078,34.16544,31.23918,32.02489,27.31871,30.62386,25.90659,26.91146,30.41244,26.78463,30.74882,31.88332,36.32315,39.07214,42.39329,42.29249,49.37267,58.51631,63.81406,68.40659
3,3.1,3.1.1,SH_STA_MORT,Maternal mortality ratio,203,Czechia,,,,G,FEMALE,PER_100000_LIVE_BIRTHS,8.02829,7.6298,6.82948,6.49944,5.7283,5.27713,4.70081,4.83644,4.61854,4.55842,4.26018,3.7356,3.58579,3.34811,3.07678,3.50145,3.49701,3.14178,3.18415,3.33524,3.37402
3,3.1,3.1.1,SH_STA_MORT,Maternal mortality ratio,408,Democratic People's Republic of Korea,,,,G,FEMALE,PER_100000_LIVE_BIRTHS,185.61623,172.25064,188.3007,123.076,130.5773,121.89171,130.63713,137.70084,139.22049,131.3917,130.23243,120.12187,108.16764,95.89834,84.63795,108.36785,108.75697,107.64795,107.16103,106.15474,106.70048
3,3.1,3.1.1,SH_STA_MORT,Maternal mortality ratio,180,Democratic Republic of the Congo,,,,G,FEMALE,PER_100000_LIVE_BIRTHS,667.73606,660.85454,662.22882,654.54695,643.32966,634.8282,618.63949,628.51377,620.59055,603.13297,601.46461,585.0082,595.27598,584.56388,573.32349,577.80204,561.88169,570.21833,543.4782,540.70228,547.36028
3,3.1,3.1.1,SH_STA_MORT,Maternal mortality ratio,208,Denmark,,,,G,FEMALE,PER_100000_LIVE_BIRTHS,8.03473,8.20325,8.2107,7.65942,7.4246,6.90089,6.62904,7.0482,6.81858,6.81576,6.52436,6.65463,6.31267,5.12522,5.10783,5.6015,5.47726,4.99946,5.01327,4.51945,4.65772
3,3.1,3.1.1,SH_STA_MORT,Maternal mortality ratio,262,Djibouti,,,,G,FEMALE,PER_100000_LIVE_BIRTHS,512.45885,487.0404,454.14872,440.45591,393.78531,368.20952,322.19274,324.93344,322.41701,294.26404,273.75379,268.63603,257.31751,245.83211,235.64529,244.33018,251.22334,247.05329,256.895,244.09667,234.49007
3,3.1,3.1.1,SH_STA_MORT,Maternal mortality ratio,214,Dominican Republic,,,,G,FEMALE,PER_100000_LIVE_BIRTHS,79.0504,68.55596,70.34202,74.52423,81.48957,86.68351,84.98428,89.44225,92.45635,93.33452,91.77796,93.0558,91.15824,93.4655,95.87625,98.8145,101.93138,104.42416,109.27617,102.90618,107.34754
3,3.1,3.1.1,SH_STA_MORT,Maternal mortality ratio,218,Ecuador,,,,G,FEMALE,PER_100000_LIVE_BIRTHS,120.13147,116.09685,111.49933,97.66121,94.20378,92.22148,90.19382,88.45216,87.58868,86.08203,76.16075,73.04751,71.72732,71.51565,64.72169,65.91205,69.87223,68.8101,71.33758,73.79165,65.74967
3,3.1,3.1.1,SH_STA_MORT,Maternal mortality ratio,818,Egypt,,,,G,FEMALE,PER_100000_LIVE_BIRTHS,79.40513,75.65371,72.50355,65.7097,62.58319,57.65885,52.86251,47.91399,43.76161,40.00868,38.17329,34.41783,30.97523,28.18218,25.25016,23.9397,21.24377,19.5663,19.05367,17.76567,16.81971
3,3.1,3.1.1,SH_STA_MORT,Maternal mortality ratio,222,El Salvador,,,,G,FEMALE,PER_100000_LIVE_BIRTHS,48.8082,47.4899,38.85833,39.09701,34.70395,35.35084,35.75458,36.84189,34.00946,35.51454,35.79718,36.59721,37.67998,39.29931,41.49016,44.32049,42.31451,44.66425,44.65384,38.85559,42.79046
3,3.1,3.1.1,SH_STA_MORT,Maternal mortality ratio,226,Equatorial Guinea,,,,G,FEMALE,PER_100000_LIVE_BIRTHS,426.62885,390.08923,350.58471,317.4835,285.58294,258.22607,240.77476,233.52267,230.67099,230.28726,211.29082,194.37718,179.15556,187.43449,206.84934,201.02446,182.39363,197.01191,219.04197,216.35485,212.3303
3,3.1,3.1.1,SH_STA_MORT,Maternal mortality ratio,232,Eritrea,,,,G,FEMALE,PER_100000_LIVE_BIRTHS,734.59263,654.12554,642.78625,619.24343,575.06357,545.97527,522.11393,520.64399,529.413,481.07261,479.7486,454.44748,421.9479,420.32105,397.79975,398.52719,388.63589,358.56796,337.75058,331.53104,321.55071
3,3.1,3.1.1,SH_STA_MORT,Maternal mortality ratio,233,Estonia,,,,G,FEMALE,PER_100000_LIVE_BIRTHS,24.84995,22.34298,20.45115,18.53104,15.06184,13.02089,10.90623,11.13366,9.98989,9.0404,8.11217,7.61888,7.55165,7.11857,6.53779,6.12336,5.81033,5.60521,5.36849,5.06545,5.17964
3,3.1,3.1.1,SH_STA_MORT,Maternal mortality ratio,748,Eswatini,,,,G,FEMALE,PER_100000_LIVE_BIRTHS,588.3451,600.28004,606.83675,660.23639,662.75769,677.99587,643.55495,663.55224,691.41351,783.43238,671.51166,627.04795,599.43839,512.46286,426.07155,338.22439,275.4485,236.91407,218.30115,227.99456,239.63239
3,3.1,3.1.1,SH_STA_MORT,Maternal mortality ratio,231,Ethiopia,,,,G,FEMALE,PER_100000_LIVE_BIRTHS,952.83638,955.10631,960.46558,906.11964,900.37818,879.85576,814.15689,780.30005,724.70758,683.81356,634.71447,603.16479,543.31886,498.45018,447.35579,399.17053,355.66284,348.31127,311.85239,294.02185,266.68956
3,3.1,3.1.1,SH_STA_MORT,Maternal mortality ratio,242,Fiji,,,,G,FEMALE,PER_100000_LIVE_BIRTHS,49.02242,46.63998,49.1766,47.84049,46.39742,45.27983,44.20479,44.33163,43.2072,42.35225,41.56974,39.12442,39.12244,39.11603,38.42837,38.99871,39.66303,36.83227,36.5823,38.16064,38.04679
3,3.1,3.1.1,SH_STA_MORT,Maternal mortality ratio,246,Finland,,,,G,FEMALE,PER_100000_LIVE_BIRTHS,7.45926,7.29106,7.35491,7.00695,7.26304,7.73781,6.68799,7.04549,6.98646,7.34076,7.02427,6.7516,7.32011,7.4594,6.80008,7.26056,7.8139,7.2902,7.67408,8.53353,8.3389
3,3.1,3.1.1,SH_STA_MORT,Maternal mortality ratio,250,France,,,,G,FEMALE,PER_100000_LIVE_BIRTHS,9.36139,9.31056,9.34359,9.19778,8.87818,8.78957,9.84275,8.42688,9.75709,9.79064,9.25681,9.20471,8.97359,8.8149,8.67966,7.59504,7.63907,7.54654,7.8024,7.73159,7.90908
3,3.1,3.1.1,SH_STA_MORT,Maternal mortality ratio,266,Gabon,,,,G,FEMALE,PER_100000_LIVE_BIRTHS,248.54042,243.39436,238.19872,223.42061,226.96554,239.4148,238.57549,238.25081,219.44428,211.81062,192.8594,187.55714,177.60813,193.61432,215.90027,212.2327,215.89875,217.79647,228.56613,225.47479,226.55044
3,3.1,3.1.1,SH_STA_MORT,Maternal mortality ratio,270,Gambia,,,,G,FEMALE,PER_100000_LIVE_BIRTHS,777.68161,747.83726,772.32882,769.6243,744.8982,718.42123,689.26615,698.39179,667.1775,647.07456,619.79608,596.53865,574.50695,597.97789,543.32839,534.94412,505.3218,493.6654,511.59036,474.35437,458.24029
3,3.1,3.1.1,SH_STA_MORT,Maternal mortality ratio,268,Georgia,,,,G,FEMALE,PER_100000_LIVE_BIRTHS,52.79703,45.31298,43.78577,42.85638,50.12504,45.43146,44.15136,44.49256,42.4794,43.21849,40.97121,39.08727,35.87252,33.04759,29.11075,29.70143,24.99027,25.56853,26.21116,26.46745,27.60825
3,3.1,3.1.1,SH_STA_MORT,Maternal mortality ratio,276,Germany,,,,G,FEMALE,PER_100000_LIVE_BIRTHS,7.16422,7.1677,7.25042,7.16236,6.87104,6.92619,5.39537,6.49305,6.45239,6.52029,6.16227,5.97195,5.49094,5.35029,4.7249,4.59303,5.00844,4.73293,4.70637,4.44996,4.42844
3,3.1,3.1.1,SH_STA_MORT,Maternal mortality ratio,288,Ghana,,,,G,FEMALE,PER_100000_LIVE_BIRTHS,498.90742,469.95094,443.01547,423.51651,420.372,389.7518,364.6681,353.89216,353.70612,337.1938,336.93735,317.46488,305.33919,305.30823,286.29744,285.77323,258.11935,273.88803,272.81522,243.84126,263.10859
3,3.1,3.1.1,SH_STA_MORT,Maternal mortality ratio,300,Greece,,,,G,FEMALE,PER_100000_LIVE_BIRTHS,3.84926,3.63298,3.55042,3.55448,3.37581,3.21056,3.18367,3.27814,3.14202,3.17335,3.43147,3.76579,4.31213,4.48699,4.80726,5.36315,5.34747,5.84934,5.69884,5.96184,7.65435
3,3.1,3.1.1,SH_STA_MORT,Maternal mortality ratio,308,Grenada,,,,G,FEMALE,PER_100000_LIVE_BIRTHS,42.08908,40.31338,36.44208,34.22533,40.93485,31.87681,30.13988,29.1514,28.56645,27.0834,27.34111,26.81135,26.12254,25.21507,24.37304,23.36741,23.19384,23.78117,21.08288,20.48457,21.13829
3,3.1,3.1.1,SH_STA_MORT,Maternal mortality ratio,320,Guatemala,,,,G,FEMALE,PER_100000_LIVE_BIRTHS,151.79433,140.31761,142.64465,144.98361,140.07655,149.23767,135.00038,135.85847,136.46031,125.48388,123.31062,119.95245,118.06979,108.63668,107.25865,106.91887,103.12717,94.87456,98.41375,100.29055,95.50208
3,3.1,3.1.1,SH_STA_MORT,Maternal mortality ratio,324,Guinea,,,,G,FEMALE,PER_100000_LIVE_BIRTHS,970.92702,942.87771,928.56111,915.56114,887.22041,845.61365,817.41962,764.46345,736.78342,744.28843,740.70004,744.2749,679.14201,676.69413,660.71222,649.11988,625.82635,572.13989,567.71805,555.54398,553.40159
3,3.1,3.1.1,SH_STA_MORT,Maternal mortality ratio,624,Guinea-Bissau,,,,G,FEMALE,PER_100000_LIVE_BIRTHS,1300.15954,1203.17977,1136.31975,1100.19473,1007.82697,976.94744,874.76097,844.71633,841.07853,803.51953,794.51926,767.30984,758.15716,741.70323,732.56161,712.52747,673.20238,705.47731,648.23576,709.50776,725.09243
3,3.1,3.1.1,SH_STA_MORT,Maternal mortality ratio,328,Guyana,,,,G,FEMALE,PER_100000_LIVE_BIRTHS,190.08106,189.83851,172.66664,180.05958,171.66481,171.67382,177.30574,168.07275,149.61691,144.57707,147.86821,141.95701,135.95515,132.62289,130.94016,128.33563,126.74778,123.33127,117.70569,109.76432,111.94294
3,3.1,3.1.1,SH_STA_MORT,Maternal mortality ratio,332,Haiti,,,,G,FEMALE,PER_100000_LIVE_BIRTHS,399.73795,416.80937,388.55569,372.65156,429.12925,362.92487,342.76057,366.35149,382.98683,394.16336,402.89021,424.37631,384.02588,392.06106,388.7651,391.06022,388.08327,350.60109,358.7682,348.66592,350.40023
3,3.1,3.1.1,SH_STA_MORT,Maternal mortality ratio,340,Honduras,,,,G,FEMALE,PER_100000_LIVE_BIRTHS,81.89109,76.95634,73.39297,76.71089,71.97826,75.10756,77.09738,76.99118,80.86809,73.12036,73.23058,71.54695,65.18279,65.4862,68.28193,66.90839,62.47172,63.95362,65.09502,66.63822,71.81928
3,3.1,3.1.1,SH_STA_MORT,Maternal mortality ratio,348,Hungary,,,,G,FEMALE,PER_100000_LIVE_BIRTHS,14.58796,13.60227,13.68591,13.63103,13.02964,13.31743,12.76716,14.14619,13.66655,14.42269,15.00206,15.87683,15.12668,15.1418,14.65625,14.78401,13.92771,14.44919,14.58146,14.10705,15.04889
3,3.1,3.1.1,SH_STA_MORT,Maternal mortality ratio,352,Iceland,,,,G,FEMALE,PER_100000_LIVE_BIRTHS,5.26678,3.9944,3.98375,4.62588,4.27065,4.04386,4.03048,3.96795,3.29018,3.09828,2.92667,2.92115,2.81886,3.68281,3.16017,3.41913,2.99803,2.80497,2.80324,3.12294,2.65442
3,3.1,3.1.1,SH_STA_MORT,Maternal mortality ratio,356,India,,,,G,FEMALE,PER_100000_LIVE_BIRTHS,384.44766,371.27457,329.44485,315.37613,301.25328,285.73058,248.16779,233.98418,220.52027,207.09815,178.68157,169.90392,161.75648,154.24476,134.85806,127.67558,121.16907,118.66109,115.7112,116.38938,102.65391
3,3.1,3.1.1,SH_STA_MORT,Maternal mortality ratio,360,Indonesia,,,,G,FEMALE,PER_100000_LIVE_BIRTHS,298.56935,283.90351,286.32759,268.54469,284.09328,276.13935,254.02721,251.27333,256.11855,241.18783,218.75792,236.14607,207.03128,193.70536,193.98335,194.18621,193.91202,194.00031,181.13231,158.17068,172.92251
3,3.1,3.1.1,SH_STA_MORT,Maternal mortality ratio,364,Iran (Islamic Republic of),,,,G,FEMALE,PER_100000_LIVE_BIRTHS,43.50427,42.07788,41.0059,40.89818,37.96192,30.22402,29.51206,28.57518,32.807,36.52495,31.56994,25.86525,22.78361,23.46767,20.89581,20.06037,19.81756,18.45986,17.43931,20.87619,22.01889
3,3.1,3.1.1,SH_STA_MORT,Maternal mortality ratio,368,Iraq,,,,G,FEMALE,PER_100000_LIVE_BIRTHS,116.93867,115.04528,112.28373,118.26359,118.45936,115.62751,122.30174,127.83975,130.54761,125.89921,114.87606,111.3004,111.07641,109.77879,98.37459,101.93897,84.63409,77.68828,71.92842,72.77916,76.11046
3,3.1,3.1.1,SH_STA_MORT,Maternal mortality ratio,372,Ireland,,,,G,FEMALE,PER_100000_LIVE_BIRTHS,10.44951,9.31862,8.45366,7.42227,7.98283,8.60985,7.90994,7.02795,7.58736,7.14212,6.54873,7.41757,7.04002,6.45713,6.27288,6.48503,5.34325,5.58339,5.43022,5.5232,4.98396
3,3.1,3.1.1,SH_STA_MORT,Maternal mortality ratio,376,Israel,,,,G,FEMALE,PER_100000_LIVE_BIRTHS,8.57349,6.78355,5.8629,4.85183,4.23622,4.07998,3.82406,3.62304,3.35557,3.13507,2.96403,3.00031,2.97756,2.91053,2.81275,2.91526,2.86446,2.661,2.66681,2.62696,2.83786
3,3.1,3.1.1,SH_STA_MORT,Maternal mortality ratio,380,Italy,,,,G,FEMALE,PER_100000_LIVE_BIRTHS,10.07318,9.7848,9.38142,8.80219,7.89939,7.74645,7.23907,7.07436,6.7582,6.93247,6.72922,6.84178,6.78469,6.78029,6.46279,6.50161,6.31546,6.36589,4.88753,4.72368,4.59094
3,3.1,3.1.1,SH_STA_MORT,Maternal mortality ratio,388,Jamaica,,,,G,FEMALE,PER_100000_LIVE_BIRTHS,83.00715,86.74718,86.50429,86.09492,81.77084,86.15855,94.1998,91.70156,96.14827,94.73815,87.71298,79.78061,82.57713,90.04402,100.99664,96.97108,98.23959,101.46146,90.51271,93.04639,98.87891
3,3.1,3.1.1,SH_STA_MORT,Maternal mortality ratio,392,Japan,,,,G,FEMALE,PER_100000_LIVE_BIRTHS,8.52669,8.17104,7.73464,7.57836,7.32104,7.18475,6.57077,6.16566,6.01124,5.88176,5.65695,5.48594,5.30214,5.13746,5.10166,4.84728,4.87024,5.05992,5.19423,4.24892,4.31491
3,3.1,3.1.1,SH_STA_MORT,Maternal mortality ratio,400,Jordan,,,,G,FEMALE,PER_100000_LIVE_BIRTHS,64.33899,63.50381,62.41066,60.20219,58.78852,57.73762,55.7045,52.80866,51.00979,50.2668,46.61685,47.06982,47.86479,45.22782,45.24729,46.13414,42.89453,42.31228,41.6902,41.29181,41.31479
3,3.1,3.1.1,SH_STA_MORT,Maternal mortality ratio,398,Kazakhstan,,,,G,FEMALE,PER_100000_LIVE_BIRTHS,56.33923,51.67359,49.17224,41.72062,35.98777,35.53063,30.56539,28.01561,25.93166,23.01158,19.63789,16.88869,14.41196,13.01082,12.98815,12.55368,13.40244,13.40551,13.80216,14.01699,13.38363
3,3.1,3.1.1,SH_STA_MORT,Maternal mortality ratio,404,Kenya,,,,G,FEMALE,PER_100000_LIVE_BIRTHS,563.7612,567.14421,536.33775,525.45634,504.09484,503.43676,493.36146,494.09751,483.50565,464.12768,475.5001,472.80499,476.98466,516.2126,506.84869,482.97139,504.67445,489.94158,511.51001,502.91655,529.96226
3,3.1,3.1.1,SH_STA_MORT,Maternal mortality ratio,296,Kiribati,,,,G,FEMALE,PER_100000_LIVE_BIRTHS,115.94783,118.49556,112.76781,114.07791,116.13476,117.73514,116.44705,118.24326,127.80482,126.55635,130.64287,128.81218,130.61884,119.38531,120.16644,121.32432,116.81814,111.58658,110.35632,108.22569,76.33471
3,3.1,3.1.1,SH_STA_MORT,Maternal mortality ratio,414,Kuwait,,,,G,FEMALE,PER_100000_LIVE_BIRTHS,9.89248,10.07196,10.15775,9.74859,9.79571,9.70778,9.84593,9.38406,9.8178,9.94466,9.17832,8.27079,7.10286,6.59873,6.84559,6.79043,6.06677,6.27501,6.7824,7.34006,7.1709
3,3.1,3.1.1,SH_STA_MORT,Maternal mortality ratio,417,Kyrgyzstan,,,,G,FEMALE,PER_100000_LIVE_BIRTHS,86.86123,86.4951,84.72025,83.66336,84.50026,83.38379,77.9241,84.07946,78.28426,70.83901,71.67822,65.85657,62.21809,65.70327,59.71467,61.29533,53.22415,52.60601,53.67607,47.4402,50.38244
3,3.1,3.1.1,SH_STA_MORT,Maternal mortality ratio,418,Lao People's Democratic Republic,,,,G,FEMALE,PER_100000_LIVE_BIRTHS,579.15071,562.22759,529.81126,509.17133,470.93568,442.20101,416.53023,365.50166,361.14875,329.57133,283.59195,270.69616,245.65409,234.37758,189.42974,184.32477,166.66615,165.53959,165.27107,153.34427,126.06175
3,3.1,3.1.1,SH_STA_MORT,Maternal mortality ratio,428,Latvia,,,,G,FEMALE,PER_100000_LIVE_BIRTHS,31.95239,32.08755,28.11077,34.16283,31.14076,28.01326,26.02717,24.50617,22.40285,23.48106,25.41326,24.45541,23.06033,21.03054,22.3484,22.23746,21.44729,21.79118,23.36722,21.80957,18.32162
3,3.1,3.1.1,SH_STA_MORT,Maternal mortality ratio,422,Lebanon,,,,G,FEMALE,PER_100000_LIVE_BIRTHS,31.91757,27.47863,25.05533,25.09445,24.59849,24.61545,21.07721,19.88884,19.41274,18.73841,17.99343,19.74508,19.54329,19.81667,19.5172,19.41915,19.19316,19.44078,17.85494,19.59276,20.62462
3,3.1,3.1.1,SH_STA_MORT,Maternal mortality ratio,426,Lesotho,,,,G,FEMALE,PER_100000_LIVE_BIRTHS,544.61752,574.59102,590.16521,609.72523,554.82605,562.89174,632.05547,702.64585,873.7408,1096.16177,1040.17532,1037.97697,963.01679,834.25789,783.93068,728.38465,667.91975,639.73686,598.63927,628.86487,566.20625
3,3.1,3.1.1,SH_STA_MORT,Maternal mortality ratio,430,Liberia,,,,G,FEMALE,PER_100000_LIVE_BIRTHS,777.43409,746.8344,758.34537,805.13116,699.78903,676.47392,664.49954,662.79624,632.34183,638.02458,634.17914,643.57067,643.54077,631.61943,775.9089,685.59166,627.54872,661.13355,683.75754,667.96208,652.33873
3,3.1,3.1.1,SH_STA_MORT,Maternal mortality ratio,434,Libya,,,,G,FEMALE,PER_100000_LIVE_BIRTHS,56.70599,57.48827,56.0384,52.23684,49.47804,50.10017,51.65778,54.19508,51.10156,55.85322,57.46926,62.36983,65.518,69.62672,67.164,71.18276,73.71796,66.8929,69.01574,72.49054,72.1271
3,3.1,3.1.1,SH_STA_MORT,Maternal mortality ratio,440,Lithuania,,,,G,FEMALE,PER_100000_LIVE_BIRTHS,17.54245,18.14229,14.35496,12.99399,12.03094,11.37465,13.44831,12.35622,11.09314,9.92503,9.67792,8.55968,8.04017,7.92503,8.70464,8.42008,8.14155,8.03496,7.84595,7.35745,8.66048
3,3.1,3.1.1,SH_STA_MORT,Maternal mortality ratio,442,Luxembourg,,,,G,FEMALE,PER_100000_LIVE_BIRTHS,9.25856,11.4685,11.21259,12.27647,10.47353,10.6829,11.38945,9.22603,10.32282,8.45208,8.27141,6.95618,8.47788,8.27981,6.28768,6.92088,6.3304,6.72579,6.62667,6.41366,6.4855
3,3.1,3.1.1,SH_STA_MORT,Maternal mortality ratio,450,Madagascar,,,,G,FEMALE,PER_100000_LIVE_BIRTHS,658.10729,627.183,636.61278,625.6385,597.78488,567.53187,537.31195,520.8265,526.37607,507.06315,496.79599,484.42609,475.98773,454.5967,467.3091,481.62823,446.81293,423.24905,423.27181,397.63772,391.51692
3,3.1,3.1.1,SH_STA_MORT,Maternal mortality ratio,454,Malawi,,,,G,FEMALE,PER_100000_LIVE_BIRTHS,573.46209,530.91019,489.92031,445.13883,386.0412,346.92465,326.36733,351.56789,419.64944,475.54715,512.93068,495.7215,502.26824,472.59492,442.25442,444.93643,430.33858,374.87863,391.79283,370.24389,380.66989
3,3.1,3.1.1,SH_STA_MORT,Maternal mortality ratio,458,Malaysia,,,,G,FEMALE,PER_100000_LIVE_BIRTHS,39.74691,35.71288,36.47183,32.07374,32.54548,32.14818,32.00086,28.03183,30.47878,29.52574,25.47596,24.05295,23.54534,23.08532,22.53112,22.33749,21.93931,21.61505,21.51642,21.58032,21.13193
3,3.1,3.1.1,SH_STA_MORT,Maternal mortality ratio,462,Maldives,,,,G,FEMALE,PER_100000_LIVE_BIRTHS,114.33164,96.28694,83.62166,79.96928,78.96767,78.75982,77.43945,66.19273,68.82001,68.37899,59.78663,59.97853,51.62238,48.65356,56.31064,56.90833,51.01138,45.80795,48.53197,50.32476,56.6938
3,3.1,3.1.1,SH_STA_MORT,Maternal mortality ratio,466,Mali,,,,G,FEMALE,PER_100000_LIVE_BIRTHS,742.33708,683.83674,621.16645,586.3407,562.67112,560.32413,548.83807,570.5315,585.7367,553.41751,546.75484,546.87562,555.32644,544.26926,518.65073,493.75225,469.60753,452.74771,439.53977,428.26315,440.2248
3,3.1,3.1.1,SH_STA_MORT,Maternal mortality ratio,470,Malta,,,,G,FEMALE,PER_100000_LIVE_BIRTHS,10.48433,9.24934,9.62948,9.00517,8.40827,7.63634,7.22085,6.65397,6.57028,5.71027,5.32015,6.11645,5.00761,4.47759,4.40949,4.19629,3.29983,3.78224,4.05398,4.0504,2.89278
3,3.1,3.1.1,SH_STA_MORT,Maternal mortality ratio,478,Mauritania,,,,G,FEMALE,PER_100000_LIVE_BIRTHS,683.63869,658.33946,671.18333,678.27569,657.05256,652.12084,654.28852,637.74162,634.39356,590.44904,586.07235,565.73386,557.79805,533.50486,536.42005,509.99158,479.82847,457.59337,461.18158,431.10108,463.8321
3,3.1,3.1.1,SH_STA_MORT,Maternal mortality ratio,480,Mauritius,,,,G,FEMALE,PER_100000_LIVE_BIRTHS,52.169,49.91884,48.34486,47.01471,45.7382,47.66035,42.95919,42.87051,45.07862,49.41224,55.05951,42.33431,46.71678,47.75582,51.00217,56.58091,51.74535,45.65107,50.34481,49.05517,84.35798
3,3.1,3.1.1,SH_STA_MORT,Maternal mortality ratio,484,Mexico,,,,G,FEMALE,PER_100000_LIVE_BIRTHS,56.53202,56.73567,56.87764,52.07416,52.6147,53.3331,54.39738,55.84242,56.82666,51.42725,51.22866,50.28834,49.23353,48.88598,49.56948,52.02668,49.07618,52.33693,55.52821,57.9698,59.12507
3,3.1,3.1.1,SH_STA_MORT,Maternal mortality ratio,583,Micronesia (Federated States of),,,,G,FEMALE,PER_100000_LIVE_BIRTHS,60.10262,69.64571,89.46825,63.41261,62.48632,56.89563,58.32359,52.63959,50.18144,45.97402,45.73272,45.69587,41.94257,66.09183,60.71324,63.77229,63.78949,62.65829,68.88322,65.16934,74.31193
3,3.1,3.1.1,SH_STA_MORT,Maternal mortality ratio,496,Mongolia,,,,G,FEMALE,PER_100000_LIVE_BIRTHS,157.81995,144.41394,135.9487,108.74577,100.95142,93.9948,94.47634,80.4415,78.89855,69.92179,65.49474,61.41584,57.56233,51.82356,48.86875,47.18381,47.18694,48.1344,42.20453,39.70739,39.49361
3,3.1,3.1.1,SH_STA_MORT,Maternal mortality ratio,499,Montenegro,,,,G,FEMALE,PER_100000_LIVE_BIRTHS,10.53046,9.46954,9.41364,9.39258,9.38755,9.61711,9.42944,8.07606,8.36149,8.39503,7.19156,6.96968,7.18833,6.47137,6.09441,6.11491,5.88192,5.45676,5.3854,5.81691,6.17443
3,3.1,3.1.1,SH_STA_MORT,Maternal mortality ratio,504,Morocco,,,,G,FEMALE,PER_100000_LIVE_BIRTHS,244.2096,236.54043,226.96566,216.56818,209.06679,194.21168,179.46183,167.35132,155.84261,144.11427,133.86673,121.72764,113.17538,106.16503,101.70157,96.5807,85.29573,80.34981,78.01026,76.35814,71.85185
3,3.1,3.1.1,SH_STA_MORT,Maternal mortality ratio,508,Mozambique,,,,G,FEMALE,PER_100000_LIVE_BIRTHS,532.09946,500.7506,460.73723,441.60684,419.90708,403.92913,389.58057,378.86481,374.20586,355.12285,321.54104,296.36861,271.30936,240.91083,241.0316,225.88565,193.98992,177.31061,160.25721,149.91914,127.11053
3,3.1,3.1.1,SH_STA_MORT,Maternal mortality ratio,104,Myanmar,,,,G,FEMALE,PER_100000_LIVE_BIRTHS,371.41532,323.11154,319.47033,315.83017,325.75431,321.16552,331.80115,317.95232,289.52966,280.33732,292.70421,278.55812,284.53703,267.71647,262.431,242.86083,241.79258,237.8476,214.53393,212.97036,178.67438
3,3.1,3.1.1,SH_STA_MORT,Maternal mortality ratio,516,Namibia,,,,G,FEMALE,PER_100000_LIVE_BIRTHS,450.28284,449.89892,446.50185,450.95991,401.82994,418.947,420.31009,427.10509,432.95296,459.37207,481.63082,414.09357,361.99037,333.89104,306.28159,299.00531,246.27785,227.90974,217.95181,222.95571,214.63506
3,3.1,3.1.1,SH_STA_MORT,Maternal mortality ratio,524,Nepal,,,,G,FEMALE,PER_100000_LIVE_BIRTHS,503.9814,484.11963,465.74946,437.71216,391.70654,380.38983,357.87592,354.5907,343.52539,338.38104,349.20497,294.896,287.71815,260.78556,253.1996,251.80217,223.83994,223.17315,201.15369,182.31969,174.41018
3,3.1,3.1.1,SH_STA_MORT,Maternal mortality ratio,528,Netherlands (Kingdom of the),,,,G,FEMALE,PER_100000_LIVE_BIRTHS,12.96045,12.52177,12.52637,11.89511,11.0667,10.47869,9.21644,8.43573,7.73913,7.06541,6.26842,6.4952,6.08938,5.72644,5.39129,5.15528,5.16781,4.97639,3.99093,3.94088,4.31174
3,3.1,3.1.1,SH_STA_MORT,Maternal mortality ratio,554,New Zealand,,,,G,FEMALE,PER_100000_LIVE_BIRTHS,11.09168,11.01742,10.22788,10.36372,11.50959,10.00711,10.78807,10.25582,9.54819,10.1779,9.88776,10.40768,9.58178,7.8599,7.97722,8.65023,7.81435,7.3936,7.88525,7.21962,7.03044
3,3.1,3.1.1,SH_STA_MORT,Maternal mortality ratio,558,Nicaragua,,,,G,FEMALE,PER_100000_LIVE_BIRTHS,168.81963,173.75174,164.24903,166.3679,165.50451,157.51722,134.93902,125.37683,112.28404,103.62113,97.84676,94.50241,92.12639,91.02585,80.86693,79.39387,77.24893,76.02204,74.43286,75.08457,77.87857
3,3.1,3.1.1,SH_STA_MORT,Maternal mortality ratio,562,Niger,,,,G,FEMALE,PER_100000_LIVE_BIRTHS,866.78573,877.86322,870.82059,862.93532,801.33791,767.86526,734.85236,704.18253,672.55561,644.33437,593.86378,575.77389,560.54941,535.59041,512.50297,490.62315,468.49018,433.04152,431.96275,409.6483,441.07255
3,3.1,3.1.1,SH_STA_MORT,Maternal mortality ratio,566,Nigeria,,,,G,FEMALE,PER_100000_LIVE_BIRTHS,1147.5464,1126.94643,1112.00648,1083.83674,1088.14763,1073.13413,1070.86581,1080.5189,1099.43173,1100.89388,1122.67093,1069.75047,1087.43161,1108.9802,1135.27941,1113.40324,1129.18314,1126.90937,1135.41354,1122.11316,1047.23535
3,3.1,3.1.1,SH_STA_MORT,Maternal mortality ratio,807,North Macedonia,,,,G,FEMALE,PER_100000_LIVE_BIRTHS,12.31795,11.55278,10.58578,10.47226,9.0776,8.87876,8.08626,7.78046,6.9102,7.16392,6.32234,5.37964,4.82384,4.1017,4.58023,4.51669,3.43854,3.29153,2.87943,3.086,3.03597
3,3.1,3.1.1,SH_STA_MORT,Maternal mortality ratio,578,Norway,,,,G,FEMALE,PER_100000_LIVE_BIRTHS,5.73014,5.2088,5.14449,5.34536,5.53192,5.51651,5.15048,4.95254,4.50723,4.27285,4.02086,3.81889,3.19265,3.13226,2.58239,2.40531,2.23243,2.15293,1.9932,1.94227,1.66374
3,3.1,3.1.1,SH_STA_MORT,Maternal mortality ratio,512,Oman,,,,G,FEMALE,PER_100000_LIVE_BIRTHS,19.78103,20.03894,21.82213,19.75604,20.42604,19.72671,20.93607,22.1099,21.24477,20.63284,18.09182,17.3208,16.75951,16.18597,15.58875,15.07241,14.67655,15.18991,15.86888,15.58876,17.00671
3,3.1,3.1.1,SH_STA_MORT,Maternal mortality ratio,586,Pakistan,,,,G,FEMALE,PER_100000_LIVE_BIRTHS,387.37147,373.34976,358.77646,348.82374,333.67298,300.7507,269.81163,253.22788,240.69697,242.79724,230.48475,216.52811,215.96564,206.11624,209.74378,187.44429,188.01143,176.62277,177.72768,179.2679,154.16394
3,3.1,3.1.1,SH_STA_MORT,Maternal mortality ratio,591,Panama,,,,G,FEMALE,PER_100000_LIVE_BIRTHS,65.52129,63.53437,62.12046,61.60044,58.95152,53.35951,53.76256,53.52068,53.48476,53.98048,54.90649,53.79384,53.35354,51.94429,50.3606,48.80801,48.58798,49.41316,47.07842,50.99978,49.51727
3,3.1,3.1.1,SH_STA_MORT,Maternal mortality ratio,598,Papua New Guinea,,,,G,FEMALE,PER_100000_LIVE_BIRTHS,311.8596,315.86011,325.42512,329.02558,309.73703,313.76992,322.94915,335.63656,291.5668,289.234,288.90088,262.31462,255.29237,232.9113,229.28949,207.54935,208.90027,209.7892,199.06436,189.81688,191.83874
3,3.1,3.1.1,SH_STA_MORT,Maternal mortality ratio,600,Paraguay,,,,G,FEMALE,PER_100000_LIVE_BIRTHS,148.4536,146.85103,131.83346,130.26355,127.16996,127.21106,113.52437,110.2701,107.13059,104.03303,100.49421,98.55136,85.03678,80.79869,76.78895,80.00103,68.81165,68.65932,69.76347,69.88435,71.12281
3,3.1,3.1.1,SH_STA_MORT,Maternal mortality ratio,604,Peru,,,,G,FEMALE,PER_100000_LIVE_BIRTHS,113.27913,105.61232,102.22924,97.89015,101.33705,97.42443,90.47107,87.27179,83.65812,79.98779,76.37078,73.46337,71.58758,71.01602,65.30985,65.02677,61.72681,60.81682,62.55472,71.99521,68.53598
3,3.1,3.1.1,SH_STA_MORT,Maternal mortality ratio,608,Philippines,,,,G,FEMALE,PER_100000_LIVE_BIRTHS,129.03557,135.58156,125.64582,124.73016,125.22564,122.1936,120.88433,116.51402,106.64729,105.42382,105.00901,107.57534,103.75276,103.44676,89.29711,88.03904,86.32522,84.12247,82.29473,80.72678,78.23626
3,3.1,3.1.1,SH_STA_MORT,Maternal mortality ratio,616,Poland,,,,G,FEMALE,PER_100000_LIVE_BIRTHS,7.78266,6.95141,6.33524,5.7707,5.33928,4.81798,4.30405,3.81595,3.26435,2.95934,2.53814,2.54214,2.38044,2.28899,2.16563,2.10058,1.98213,1.88476,1.86507,1.88953,1.95947
3,3.1,3.1.1,SH_STA_MORT,Maternal mortality ratio,620,Portugal,,,,G,FEMALE,PER_100000_LIVE_BIRTHS,10.82362,9.49163,9.06961,8.99618,8.78923,8.96024,8.69011,9.30018,9.16597,9.82824,9.90078,9.48787,10.35081,8.72879,8.81218,10.40371,10.5471,11.16626,10.98013,11.33437,11.79945
3,3.1,3.1.1,SH_STA_MORT,Maternal mortality ratio,630,Puerto Rico,,,,G,FEMALE,PER_100000_LIVE_BIRTHS,21.87255,22.06817,23.11419,20.24653,19.62358,19.66363,20.02869,20.70866,21.64899,21.82941,21.24423,20.99661,17.97683,18.13917,18.41886,18.28017,17.78382,15.65432,17.92834,20.94646,34.33675
3,3.1,3.1.1,SH_STA_MORT,Maternal mortality ratio,634,Qatar,,,,G,FEMALE,PER_100000_LIVE_BIRTHS,28.11785,23.09542,25.27085,24.39163,22.93397,19.09699,15.45261,13.7582,12.20205,11.45101,10.0924,10.0727,9.86129,8.50078,7.49548,7.19793,6.52232,6.24423,6.29586,6.51743,7.60543
3,3.1,3.1.1,SH_STA_MORT,Maternal mortality ratio,410,Republic of Korea,,,,G,FEMALE,PER_100000_LIVE_BIRTHS,15.5411,15.48866,16.55357,13.26107,12.77184,12.40634,11.1831,10.09653,9.40624,8.89975,8.2382,9.60359,9.11878,6.94965,6.42773,6.20388,6.0841,6.18498,6.41181,6.36005,8.11562
3,3.1,3.1.1,SH_STA_MORT,Maternal mortality ratio,498,Republic of Moldova,,,,G,FEMALE,PER_100000_LIVE_BIRTHS,48.90637,43.63405,40.18088,34.17322,28.23497,30.09974,26.57547,23.42879,20.71729,18.54885,18.12744,18.06624,17.51796,17.22634,17.85906,16.70353,15.00122,14.69324,14.48033,12.09517,12.26477
3,3.1,3.1.1,SH_STA_MORT,Maternal mortality ratio,642,Romania,,,,G,FEMALE,PER_100000_LIVE_BIRTHS,50.21136,47.50526,47.09216,48.16796,45.6559,36.82855,30.8004,25.54304,23.45434,21.14933,22.20897,18.86594,17.88736,17.00038,15.441,14.7569,15.66287,12.75659,11.40143,10.35986,10.0708
3,3.1,3.1.1,SH_STA_MORT,Maternal mortality ratio,643,Russian Federation,,,,G,FEMALE,PER_100000_LIVE_BIRTHS,52.29274,44.35543,48.24238,41.5454,34.86526,31.35258,26.50181,21.94575,18.77788,19.23854,17.16818,14.24596,12.25259,10.86804,9.86853,10.467,8.47345,8.74638,8.77949,7.45311,13.72279
3,3.1,3.1.1,SH_STA_MORT,Maternal mortality ratio,646,Rwanda,,,,G,FEMALE,PER_100000_LIVE_BIRTHS,1006.52495,894.65666,817.92734,714.98789,598.72859,532.60731,482.72639,464.65693,432.02642,401.12415,385.78847,367.92901,328.47391,323.46165,307.00833,311.78106,291.65328,274.66912,281.36148,281.31084,258.92463
3,3.1,3.1.1,SH_STA_MORT,Maternal mortality ratio,662,Saint Lucia,,,,G,FEMALE,PER_100000_LIVE_BIRTHS,86.65886,79.68486,66.98049,66.62335,83.44048,81.83926,79.31456,79.8509,80.08303,80.12174,73.30841,74.17345,75.09574,73.57872,71.77807,79.59488,64.15437,63.52017,61.20825,72.0371,73.26798
3,3.1,3.1.1,SH_STA_MORT,Maternal mortality ratio,670,Saint Vincent and the Grenadines,,,,G,FEMALE,PER_100000_LIVE_BIRTHS,76.40809,63.23961,61.10844,61.1682,53.07821,53.63504,49.85677,47.35904,38.72546,45.44412,44.62857,44.84897,45.17208,45.19888,40.06539,36.31144,35.11608,34.79616,59.86605,65.47133,61.79403
3,3.1,3.1.1,SH_STA_MORT,Maternal mortality ratio,882,Samoa,,,,G,FEMALE,PER_100000_LIVE_BIRTHS,74.52373,73.35339,67.01141,63.63342,61.68023,62.07638,58.18673,58.66517,58.51971,62.36584,61.5952,58.50746,62.81945,58.28421,59.79155,58.0002,57.27888,58.59189,58.08097,66.35197,59.07907
3,3.1,3.1.1,SH_STA_MORT,Maternal mortality ratio,678,Sao Tome and Principe,,,,G,FEMALE,PER_100000_LIVE_BIRTHS,179.49765,181.55029,169.64854,166.33485,158.57465,159.66927,161.61597,148.96097,149.6055,156.9618,160.17822,183.43904,160.02812,158.25004,144.47261,139.23005,164.42891,143.50972,149.1564,142.41253,146.24005
3,3.1,3.1.1,SH_STA_MORT,Maternal mortality ratio,682,Saudi Arabia,,,,G,FEMALE,PER_100000_LIVE_BIRTHS,21.52521,20.72002,20.78457,19.75151,18.12479,17.01211,17.1016,17.34059,16.37706,16.8639,15.33849,15.31065,15.25455,14.2764,15.01029,15.82249,16.2727,16.44819,16.77863,17.68222,16.20376
3,3.1,3.1.1,SH_STA_MORT,Maternal mortality ratio,686,Senegal,,,,G,FEMALE,PER_100000_LIVE_BIRTHS,638.3719,596.22053,597.82751,564.80354,549.70309,518.59348,489.79211,476.73385,490.848,471.25465,450.08509,417.4867,393.85651,352.99443,345.76085,320.8529,280.35306,278.22033,277.48837,257.61149,260.88063
3,3.1,3.1.1,SH_STA_MORT,Maternal mortality ratio,688,Serbia,,,,G,FEMALE,PER_100000_LIVE_BIRTHS,17.81678,14.8507,14.66891,14.42046,15.4618,16.12241,15.92018,15.40794,14.86783,14.6713,14.23741,13.9629,13.45022,12.95013,12.70803,12.68457,12.11222,12.00503,11.46952,10.47125,10.18134
3,3.1,3.1.1,SH_STA_MORT,Maternal mortality ratio,690,Seychelles,,,,G,FEMALE,PER_100000_LIVE_BIRTHS,44.31743,37.77458,35.43801,34.15615,30.65589,14.96467,13.80728,12.69378,11.30318,10.37084,8.20218,8.20763,6.82084,5.98701,5.05958,4.70837,5.13473,4.62616,3.54032,3.07312,3.33321
3,3.1,3.1.1,SH_STA_MORT,Maternal mortality ratio,694,Sierra Leone,,,,G,FEMALE,PER_100000_LIVE_BIRTHS,1682.44915,1610.29123,1492.6749,1450.5871,1366.89593,1327.37051,1224.78032,1125.01475,972.63557,901.04239,837.35405,727.57509,666.85883,632.12948,618.31699,588.3934,504.91141,520.28389,459.50471,435.23585,442.83043
3,3.1,3.1.1,SH_STA_MORT,Maternal mortality ratio,702,Singapore,,,,G,FEMALE,PER_100000_LIVE_BIRTHS,15.11441,15.70322,14.08754,14.34591,13.82679,12.72452,11.72558,11.26162,10.82794,8.36866,8.3115,7.56014,8.3527,6.71771,7.88817,7.55293,7.05401,7.01095,6.67091,6.24731,7.45276
3,3.1,3.1.1,SH_STA_MORT,Maternal mortality ratio,703,Slovakia,,,,G,FEMALE,PER_100000_LIVE_BIRTHS,8.55377,9.34733,8.61392,8.28518,7.63127,7.436,6.61311,7.2473,5.88334,5.47262,5.08949,5.05522,5.25491,5.4865,5.21655,4.88799,5.11487,4.79292,4.65018,4.8564,4.82467
3,3.1,3.1.1,SH_STA_MORT,Maternal mortality ratio,705,Slovenia,,,,G,FEMALE,PER_100000_LIVE_BIRTHS,11.92772,8.78397,8.48001,8.78605,9.56221,9.24344,7.69201,6.95828,5.93653,6.8378,6.03675,6.08541,5.83472,5.4229,5.01055,5.03828,4.6334,4.43436,4.36618,3.46777,4.53314
3,3.1,3.1.1,SH_STA_MORT,Maternal mortality ratio,90,Solomon Islands,,,,G,FEMALE,PER_100000_LIVE_BIRTHS,150.14598,156.95988,152.11644,156.94917,158.85737,152.97502,146.65325,155.44746,151.76331,145.9691,147.06341,140.66943,141.9325,138.43476,140.03583,140.8997,132.735,133.36991,127.14326,127.18191,122.24951
3,3.1,3.1.1,SH_STA_MORT,Maternal mortality ratio,706,Somalia,,,,G,FEMALE,PER_100000_LIVE_BIRTHS,1096.92729,1084.09223,1087.06532,1094.15223,1101.54061,1079.96484,1068.38936,1062.35513,1015.12189,950.92194,963.18544,939.6998,862.8962,828.28175,792.55108,760.94027,710.88682,683.24772,650.67751,606.238,620.68232
3,3.1,3.1.1,SH_STA_MORT,Maternal mortality ratio,710,South Africa,,,,G,FEMALE,PER_100000_LIVE_BIRTHS,173.02394,168.2824,193.36532,205.03679,231.91828,220.64934,208.2999,218.05185,215.58167,225.26113,219.06124,193.73685,164.41258,150.95361,141.22002,141.15905,126.92666,133.43525,125.39751,118.2704,126.83269
3,3.1,3.1.1,SH_STA_MORT,Maternal mortality ratio,728,South Sudan,,,,G,FEMALE,PER_100000_LIVE_BIRTHS,1686.5603,1654.08838,1667.56161,1403.82776,1372.2877,1331.87412,1301.28861,1187.23183,1138.39578,1117.75537,1059.81843,1061.88244,1067.44457,1130.95644,1171.83429,1224.72223,1287.91303,1251.62654,1274.81697,1245.17058,1222.53091
3,3.1,3.1.1,SH_STA_MORT,Maternal mortality ratio,724,Spain,,,,G,FEMALE,PER_100000_LIVE_BIRTHS,5.03831,5.0097,4.86458,4.94473,4.55348,4.48906,4.3039,4.16182,4.00192,4.09975,3.91945,4.07119,4.05882,4.11754,4.00638,3.88086,3.83039,3.97118,4.05448,3.16769,3.44125
3,3.1,3.1.1,SH_STA_MORT,Maternal mortality ratio,144,Sri Lanka,,,,G,FEMALE,PER_100000_LIVE_BIRTHS,61.07662,54.69646,51.99063,49.73638,48.09901,44.01376,40.74859,39.46206,39.62652,39.12998,37.26203,36.12985,34.62724,33.43843,30.16497,30.36852,29.80509,30.61696,30.29092,29.82097,28.84231
3,3.1,3.1.1,SH_STA_MORT,Maternal mortality ratio,275,State of Palestine,,,,G,FEMALE,PER_100000_LIVE_BIRTHS,62.02705,64.42452,63.53402,60.3523,60.10783,54.31418,54.41655,50.87407,49.52835,47.49809,43.44538,40.56831,35.56941,32.13379,30.1014,26.30311,24.43524,21.52821,20.95697,20.2202,20.43431
3,3.1,3.1.1,SH_STA_MORT,Maternal mortality ratio,729,Sudan,,,,G,FEMALE,PER_100000_LIVE_BIRTHS,642.18473,636.00433,624.44155,597.70928,563.76396,525.3036,498.88227,443.03189,450.03225,394.13057,383.37806,353.9526,329.51593,322.91,300.79042,298.29261,301.44909,289.64138,292.99187,297.98604,270.35535
3,3.1,3.1.1,SH_STA_MORT,Maternal mortality ratio,740,Suriname,,,,G,FEMALE,PER_100000_LIVE_BIRTHS,278.23636,273.59509,260.11027,249.93708,228.9734,190.24295,192.28746,180.74641,168.6869,153.37115,138.30629,130.67004,130.63916,133.4904,135.08538,124.59628,105.23459,99.23462,97.62668,100.03646,96.45954
3,3.1,3.1.1,SH_STA_MORT,Maternal mortality ratio,752,Sweden,,,,G,FEMALE,PER_100000_LIVE_BIRTHS,6.14638,5.8172,5.67067,5.59969,5.27906,5.08004,5.1541,5.07337,5.00755,4.96492,4.53081,4.88886,4.92753,4.92798,4.77894,4.44644,4.42298,4.51249,4.53476,4.52916,4.50784
3,3.1,3.1.1,SH_STA_MORT,Maternal mortality ratio,756,Switzerland,,,,G,FEMALE,PER_100000_LIVE_BIRTHS,7.90424,8.55248,9.18879,8.86663,8.94237,9.38462,8.90644,8.37013,8.24429,7.82125,8.11913,8.11037,7.39305,7.23778,6.70101,6.46258,8.05641,6.14413,7.43487,7.10454,7.37875
3,3.1,3.1.1,SH_STA_MORT,Maternal mortality ratio,760,Syrian Arab Republic,,,,G,FEMALE,PER_100000_LIVE_BIRTHS,33.69794,29.31234,26.1553,23.70874,24.7712,23.49588,21.46329,20.53196,21.798,20.27156,21.29792,23.73114,25.70497,28.78445,29.48034,30.4826,28.85131,30.53498,31.33128,33.04469,29.91733
3,3.1,3.1.1,SH_STA_MORT,Maternal mortality ratio,762,Tajikistan,,,,G,FEMALE,PER_100000_LIVE_BIRTHS,67.5115,60.23926,55.36335,49.24886,46.59799,44.28473,40.99126,38.78791,35.18509,31.17497,31.87986,28.61099,26.55378,23.90908,21.80649,20.37561,19.79615,18.19538,17.35197,16.36735,16.6317
3,3.1,3.1.1,SH_STA_MORT,Maternal mortality ratio,764,Thailand,,,,G,FEMALE,PER_100000_LIVE_BIRTHS,48.20743,48.28367,39.70254,39.68125,42.29951,39.52228,37.86686,37.99078,37.48781,36.83739,35.33444,33.52739,32.16174,31.45957,30.70918,30.15449,29.01428,28.73065,28.80441,28.83997,28.60043
3,3.1,3.1.1,SH_STA_MORT,Maternal mortality ratio,626,Timor-Leste,,,,G,FEMALE,PER_100000_LIVE_BIRTHS,749.71756,735.8229,684.82464,649.71813,624.08831,583.87141,547.39339,485.7912,450.86149,416.10581,376.28944,358.17545,322.31877,309.14006,282.90355,285.34867,262.49256,256.18218,249.4876,223.53696,203.92423
3,3.1,3.1.1,SH_STA_MORT,Maternal mortality ratio,768,Togo,,,,G,FEMALE,PER_100000_LIVE_BIRTHS,479.33777,478.55948,461.19785,457.51516,489.64277,494.45184,517.40529,515.38597,528.11404,517.94032,530.29214,499.77851,510.67887,493.40314,491.34831,440.80604,438.79569,425.42965,434.54162,418.26275,399.03985
3,3.1,3.1.1,SH_STA_MORT,Maternal mortality ratio,776,Tonga,,,,G,FEMALE,PER_100000_LIVE_BIRTHS,94.13625,95.05567,94.14018,93.77125,94.97705,94.91312,98.89569,97.09367,97.14145,102.51873,93.21017,92.62318,92.21047,92.86783,94.13238,86.41176,84.37876,83.98709,83.91316,125.40065,125.63763
3,3.1,3.1.1,SH_STA_MORT,Maternal mortality ratio,780,Trinidad and Tobago,,,,G,FEMALE,PER_100000_LIVE_BIRTHS,73.88452,66.59393,58.24568,64.61299,56.74608,55.75127,56.14031,53.7427,54.12417,45.17365,46.78089,44.31872,40.69307,36.88906,34.92732,31.14383,29.4286,28.48674,27.61219,26.34571,26.583
3,3.1,3.1.1,SH_STA_MORT,Maternal mortality ratio,788,Tunisia,,,,G,FEMALE,PER_100000_LIVE_BIRTHS,61.52453,61.94047,61.33028,59.62745,58.00795,56.26467,54.62103,52.71191,50.37637,46.98267,43.93077,46.01978,43.46059,41.59814,40.56089,39.81275,37.77542,37.99607,39.02239,39.81871,36.62558
3,3.1,3.1.1,SH_STA_MORT,Maternal mortality ratio,792,Türkiye,,,,G,FEMALE,PER_100000_LIVE_BIRTHS,31.699,30.3656,28.6153,28.49872,26.84048,25.40583,24.13056,23.39337,22.79347,22.24341,22.0813,22.63139,21.03112,19.99406,19.4629,19.38471,19.60762,16.8957,16.87219,17.00893,17.33207
3,3.1,3.1.1,SH_STA_MORT,Maternal mortality ratio,795,Turkmenistan,,,,G,FEMALE,PER_100000_LIVE_BIRTHS,26.09749,25.01384,21.68641,19.72582,17.80145,16.76499,14.62435,12.85905,11.10154,10.307,8.83077,7.62566,7.33217,6.65197,6.16567,5.76166,5.67885,4.9853,5.00082,4.9158,5.14808
3,3.1,3.1.1,SH_STA_MORT,Maternal mortality ratio,800,Uganda,,,,G,FEMALE,PER_100000_LIVE_BIRTHS,461.45951,452.76831,452.50097,448.6293,442.41531,435.35471,416.233,381.81739,390.76472,391.41636,371.98699,358.52491,334.36888,310.613,331.56317,318.52362,310.7271,312.85461,283.32194,291.64169,284.14078
3,3.1,3.1.1,SH_STA_MORT,Maternal mortality ratio,804,Ukraine,,,,G,FEMALE,PER_100000_LIVE_BIRTHS,35.83351,32.01638,27.78713,24.97282,21.69585,20.54598,22.69625,20.98928,18.83712,17.04754,16.89622,15.02456,16.754,16.44898,12.14538,11.10548,10.3121,10.50844,11.27424,9.26132,16.54037
3,3.1,3.1.1,SH_STA_MORT,Maternal mortality ratio,784,United Arab Emirates,,,,G,FEMALE,PER_100000_LIVE_BIRTHS,21.75752,18.59805,17.55161,13.24963,13.14346,13.37994,11.94569,11.05051,10.08841,9.46104,9.16035,9.5112,8.60421,8.80045,9.05485,9.386,8.33815,8.59166,9.04669,9.43206,9.3407
3,3.1,3.1.1,SH_STA_MORT,Maternal mortality ratio,826,United Kingdom of Great Britain and Northern Ireland,,,,G,FEMALE,PER_100000_LIVE_BIRTHS,10.97716,11.08622,11.47664,11.34094,11.06449,11.0457,10.95546,10.65385,10.52292,10.10375,9.53199,9.05449,8.30973,8.35958,8.45881,8.39114,8.51319,8.51876,9.20921,9.2236,9.84248
3,3.1,3.1.1,SH_STA_MORT,Maternal mortality ratio,834,United Republic of Tanzania,,,,G,FEMALE,PER_100000_LIVE_BIRTHS,760.08021,707.27408,672.19797,625.10997,588.05284,559.39302,546.73422,566.03651,604.63876,556.19645,485.92433,458.06111,393.65467,379.70218,352.07432,329.54632,297.55278,280.3737,266.82197,261.8509,238.29879
3,3.1,3.1.1,SH_STA_MORT,Maternal mortality ratio,840,United States of America,,,,G,FEMALE,PER_100000_LIVE_BIRTHS,11.82542,12.52694,12.88114,13.17497,13.09522,13.2803,13.19619,13.21726,13.97374,15.4072,14.07504,15.2636,15.82093,16.41608,16.78385,17.37795,18.44739,19.14315,19.45208,19.85235,21.08491
3,3.1,3.1.1,SH_STA_MORT,Maternal mortality ratio,858,Uruguay,,,,G,FEMALE,PER_100000_LIVE_BIRTHS,26.57348,23.50551,22.38272,22.32583,21.37408,20.37539,19.87028,19.30787,18.97452,18.36713,17.7572,17.40332,16.93416,16.66852,16.85593,16.88646,17.34643,16.40264,18.06394,20.07068,18.63836
3,3.1,3.1.1,SH_STA_MORT,Maternal mortality ratio,860,Uzbekistan,,,,G,FEMALE,PER_100000_LIVE_BIRTHS,42.647,40.28183,41.28752,42.90228,42.49742,45.11973,43.91255,40.96167,38.47462,37.88391,37.77097,37.13542,35.98205,33.78471,31.67814,30.68784,30.28351,29.70989,30.71034,29.839,30.17849
3,3.1,3.1.1,SH_STA_MORT,Maternal mortality ratio,548,Vanuatu,,,,G,FEMALE,PER_100000_LIVE_BIRTHS,108.7143,98.22948,95.61281,96.73306,96.61606,97.53679,97.49602,97.9556,86.39318,87.8956,93.05518,95.07077,86.59854,86.85301,92.41113,91.89845,94.22903,94.29133,96.58235,92.77727,94.44281
3,3.1,3.1.1,SH_STA_MORT,Maternal mortality ratio,862,Venezuela (Bolivarian Republic of),,,,G,FEMALE,PER_100000_LIVE_BIRTHS,92.4087,107.49518,99.52491,108.68434,106.73997,95.36842,95.82313,97.21889,105.2692,109.54586,112.20071,118.35153,118.61576,124.45976,119.05845,125.77012,150.41738,174.80871,179.33174,176.52684,259.18645
3,3.1,3.1.1,SH_STA_MORT,Maternal mortality ratio,704,Viet Nam,,,,G,FEMALE,PER_100000_LIVE_BIRTHS,88.46067,75.50316,72.05686,69.81921,66.90947,65.99721,65.8094,63.71357,62.11956,61.07791,60.04698,57.83589,56.25384,54.42468,52.93144,51.86714,51.35352,51.51082,51.06105,50.43643,45.53003
3,3.1,3.1.1,SH_STA_MORT,Maternal mortality ratio,887,Yemen,,,,G,FEMALE,PER_100000_LIVE_BIRTHS,274.97693,266.21447,240.55802,222.32537,209.69946,196.47778,183.07261,167.64092,168.44949,155.33048,156.6496,155.16438,157.6561,150.95756,156.02693,163.92967,171.83197,179.46648,175.63083,181.33215,183.39972
3,3.1,3.1.1,SH_STA_MORT,Maternal mortality ratio,894,Zambia,,,,G,FEMALE,PER_100000_LIVE_BIRTHS,418.69421,362.62505,337.0826,308.1953,311.69516,309.25042,306.09229,295.85289,319.58072,326.5901,268.49405,232.77355,220.6309,191.35355,168.83693,165.72625,155.35731,155.82331,144.87115,128.84006,134.66542
3,3.1,3.1.1,SH_STA_MORT,Maternal mortality ratio,716,Zimbabwe,,,,G,FEMALE,PER_100000_LIVE_BIRTHS,387.75033,589.17383,442.71538,533.89887,488.08747,533.07277,558.164,656.42145,684.82706,669.88779,618.32971,562.12072,527.61644,495.25712,440.85211,408.11898,399.75752,366.38103,358.5035,393.17629,356.75892
